{
  "project_info": {
    "project_number": "368927052208",
    "firebase_url": "https://mynews-4f092.firebaseio.com",
    "project_id": "mynews-4f092",
    "storage_bucket": "mynews-4f092.appspot.com"
  },
  "client": [
    {
      "client_info": {
        "mobilesdk_app_id": "1:368927052208:android:c7abcc45113edaa1",
        "android_client_info": {
          "package_name": "com.example.apssdc.mynews"
        }
      },
      "oauth_client": [
        {
          "client_id": "368927052208-o7vlbllc8s9biqg218evvcndfv8p71of.apps.googleusercontent.com",
          "client_type": 1,
          "android_info": {
            "package_name": "com.example.apssdc.mynews",
            "certificate_hash": "29155e776580ffaccb9e581f368b8b4f11158e99"
          }
        },
        {
          "client_id": "368927052208-qvqg250rdv3rpft9mmhkna5mb82053u5.apps.googleusercontent.com",
          "client_type": 3
        }
      ],
      "api_key": [
        {
          "current_key": "AIzaSyAWov2_tPqpGu7y5xDz9dDCK1BxypM0nrI"
        }
      ],
      "services": {
        "analytics_service": {
          "status": 1
        },
        "appinvite_service": {
          "status": 2,
          "other_platform_oauth_client": [
            {
              "client_id": "368927052208-qvqg250rdv3rpft9mmhkna5mb82053u5.apps.googleusercontent.com",
              "client_type": 3
            }
          ]
        },
        "ads_service": {
          "status": 2
        }
      }
    }
  ],
  "configuration_version": "1"
}